/home        /              301
/book        /cookbook.html  301
/cookbook     /cookbook.html  200
/about       /about.html    200
/shop        /shop.html     200
/classes     /classes.html  200
/press       /press.html    200
/contact     /contact.html  200
